noun,property,value,raw output
Staff,hardness,5.0,": ? Please provide a single number as your response.


### Response:
5"
Sickle,hardness,1.0,"Cell Anemia:

1

Sickle Cell Anemia is a genetic dis"
Axe,hardness,7.0,":? Please provide only the number as your response.


### Answer:7"
Ball,hardness,5.0,"ot: ? Only provide a number.


### Answer:
5"
Cloak,hardness,3.0,": ? Please provide a single integer.


### Answer:
3"
Gemstone,hardness,7.0,":? Only provide the number.


### Response:
7


##"
Pomegranate,hardness,3.0,"Input:

Output: 3

Input: :D

Output:"
Silk,hardness,3.0,""".


### Response:
3


### Instruction:"
Bone,hardness,7.0,""".


### Response:
7


### Query:
In a"
Juice,hardness,3.0,": ? Only provide a number as your response.


### Response:
3"
Cat,hardness,3.0,"## Response:
3


## Instruction:

In a detailed"
Dog,hardness,,"Input:

Output: 

Input:

Output:"
Seagull,hardness,5.0,":


### Answer:

5


### Instruction:"
Frog,hardness,2.0,"""

The noun ""Frog"" is rated as a 2 on the difficulty"
Rodent,hardness,5.0,"::Mammal::Insect::?


### Answer:
5"
Stone,hardness,3.0,":?

Stone: 3


**Instruction 2 (More D"
Microphone,hardness,3.0,": ? Only provide a number as your response.


### Answer:
3"
Drum,hardness,3.0,"mer

Input:

Output: 3

Input:

Output:"
Guitar,hardness,7.0,": ?


### Answer:
7


### Instruction:"
Sand,hardness,3.0,"wich: ? Only provide a number.


### Answer:
3"
Sheep,hardness,1.0,"Input:

Output:

1

Input:

On a scale"
Eagle,hardness,7.0,": ? Please provide only the number.


### Answer:7


##"
Octopus,hardness,7.0,": ? Please provide a single integer.


### Answer:
7"
Shark,hardness,7.0,"::Fish::?

Input:

Output:

7


Input"
Eel,hardness,5.0,": ?


### Answer:
5


### Instruction:"
Lion,hardness,1.0,":

1

2

3

4

5

6"
Cauldron,hardness,5.0,": ? Please provide your answer as a single number.


### Answer:
5"
Pig,hardness,,"""

The word ""Pig"" is a noun that refers to a domesticated animal"
Shield,hardness,7.0,": ? Please provide only the number.


### Response:
7"
Cup,hardness,,"cake: ? Only provide the number as your response.


### Response:"
Spider,hardness,7.0,"::Insect::

### Answer:7

### Problem:
In a"
Mirror,hardness,5.0,": ? 

## Answer:

5


## Instruction:"
Cairn,hardness,5.0,":? Only provide the number.


### Response:
5


##"
Laurel,hardness,,"Document:

The Laurel Tree (Laurus nobilis) is a"
Bed,hardness,5.0,"room::?


### Response:
5


### Instruction:"
Arrow,hardness,5.0,"head: ? Please provide a single integer.


### Answer:
5"
Javelin,hardness,7.0,": ? Only provide the number.


### Answer:
7


##"
Bomb,hardness,7.0,"shell:? Only provide the number.


### Response:7


##"
Harp,hardness,1.0,"ist: ? Please provide only the number without any explanation. 1

What is the sentiment"
Tome,hardness,7.0,": ? Only provide a number.


### Answer:
7


##"
Olive,hardness,3.0,"Output:
3


Input:
Only output a number from 1 to"
Wheat,hardness,5.0,": ? Please provide only the number.


### Answer:
5"
Nightshade,hardness,7.0,": ? Only provide the number.


### Solution:

7"
Cattail,hardness,5.0,":


### Answer:

5


### Question:"
Garlic,hardness,5.0,": ? Only provide a number.


### Answer:
5


##"
Silver,hardness,3.0,"ware: ? Only provide a number.


### Answer:
3"
Limestone,hardness,3.0,":? Only provide the number.


### Response:
3


##"
Wool,hardness,,en blanket: :Woolen blanket: :Woolen blanket: :W
Pearl,hardness,,"""

The word ""Pearl"" is a noun that refers to a precious"
Nectar,hardness,3.0,"ine: ? Only provide the number.


### Answer:
3"
Staff,durability,7.0,":

Staff: 7


What is the sentiment of the following sentence,"
Sickle,durability,1.0,":

1

2

3

4

5

6"
Axe,durability,1.0,:. 1 2 3 4 5 6 7 8 9
Ball,durability,1.0,:. 1 2 3 4 5 6 7 8 9
Cloak,durability,1.0,:? 1 2 3 4 5 6 7 8 9
Gemstone,durability,1.0,":


**Solution 1:**

7


**Instruction"
Pomegranate,durability,7.0,"## Response:7

## Query:
Label A→B with either ""ent"
Silk,durability,7.0,".""


### Answer:

7


### Instruction:"
Bone,durability,7.0,""".


### Response:7


### Instruction:

As"
Juice,durability,1.0,:. 1 2 3 4 5 6 7 8 9
Cat,durability,5.0,"### Answer:

5


### Question:

Cons"
Dog,durability,7.0,"Input:

Output: 7

Input:

Output: 9"
Seagull,durability,1.0,":


**Solution 1:**

I would rate the durability of"
Frog,durability,3.0,"Input:

Output: 3

Input:

Output: 7"
Rodent,durability,1.0,"::Carpentry::

1

The durability of a rodent in the context"
Stone,durability,8.0,"Stone: 8


**Instruction 2 (More Difficult"
Microphone,durability,1.0,:. 1 2 3 4 5 6 7 8 9
Drum,durability,1.0,"stick? Only provide the number. 1

What is the sentiment of the following review"
Guitar,durability,1.0,":

1

2

3

4

5

6"
Sand,durability,1.0,wich:. 1 2 3 4 5 6 7 8
Sheep,durability,7.0,"Input:

Output: 7

Input:

Output: 9"
Eagle,durability,1.0,:. 1 2 3 4 5 6 7 8 9
Octopus,durability,1.0,:. 1 2 3 4 5 6 7 8 9
Shark,durability,7.0,"::Fish::

### Answer:
7


### Instruction:"
Eel,durability,,":? Considering the context of a marine ecosystem, the durability of an eel"
Lion,durability,1.0,":

1

2

3

4

5

6"
Cauldron,durability,7.0,":


### Answer:

7


### Instruction:"
Pig,durability,3.0,"Input:

Output: 3

Input:

Output: 7"
Shield,durability,1.0,:. 1 2 3 4 5 6 7 8 9
Cup,durability,7.0,":


### Answer:

7


### Question:"
Spider,durability,7.0,":

Spider: 7


What is the sentiment of the following sentence:"
Mirror,durability,1.0,:. 1 2 3 4 5 6 7 8 9
Cairn,durability,1.0,":

1

2

3

4

5

6"
Laurel,durability,,"Document:

The laurel tree (Laurus nobilis), also known"
Bed,durability,1.0,"1

Bed

1

Bed

1

B"
Arrow,durability,1.0,head:. 1 2 3 4 5 6 7 8
Javelin,durability,1.0,:. 1 2 3 4 5 6 7 8 9
Bomb,durability,1.0,"ay Blend Coffee:

1

Bombay Blend Coffee"
Harp,durability,1.0,:. 1 2 3 4 5 6 7 8 9
Tome,durability,1.0,":

1

2

3

4

5

6"
Olive,durability,1.0,"Oil:

1

Olive oil is known for its relatively long shelf life"
Wheat,durability,7.0,":?

Input:

Output: 7

Input:

Output:"
Nightshade,durability,1.0,":


**Solution 1:**

I would rate the durability of"
Cattail,durability,1.0,"::Plant::

1

1

1

1

1"
Garlic,durability,1.0,:? 1 2 3 4 5 6 7 8 9
Silver,durability,1.0,"ware:

1

2

3

4

5

6"
Limestone,durability,1.0,:? 1 2 3 4 5 6 7 8 9
Wool,durability,1.0,"en blanket: :

1

A woolen blanket is generally considered to"
Pearl,durability,,"""

The durability of a pearl can be subjective and depends on various factors"
Nectar,durability,1.0,"ine: ? Only provide a number as your response. 1

What is the sentiment of"
Staff,elasticity,3.0,":

Staff: 3


In a detailed analysis, consider the following constraints"
Sickle,elasticity,1.0,":

1

2

3

4

5

6"
Axe,elasticity,1.0,":

1

Axe: 1

On a scale from 1 to"
Ball,elasticity,3.0,":


### Answer:

3


### Question:"
Cloak,elasticity,1.0,":


**Solution 1:**

I would rate the noun """
Gemstone,elasticity,1.0,":

1

2

3

4

5

6"
Pomegranate,elasticity,1.0,? Only provide a number from 1 to 10. On a scale from 1 to
Silk,elasticity,1.0,":


**Solution 1:**

I would rate the elasticity"
Bone,elasticity,1.0,":

1

Bone is not a noun that typically has elasticity as"
Juice,elasticity,5.0,":


### Answer:

5


The elasticity of a"
Cat,elasticity,1.0,"Input:

Output: 1

Input:

Output: 1"
Dog,elasticity,2.0,"Input:

Output: 2

Input:

Output: 1"
Seagull,elasticity,1.0,":

1

2

3

4

5

6"
Frog,elasticity,,"""

The elasticity of a noun refers to its ability to stretch or adapt in"
Rodent,elasticity,,::Carnivore::Herbivore::Omnivore::Insect::M
Stone,elasticity,1.0,":

Stone: 1


On a scale from 1 to 1"
Microphone,elasticity,5.0,":


### Response:
5


### Instruction:"
Drum,elasticity,,stick? Considering the context of the noun 'Drumstick' in the sentence
Guitar,elasticity,1.0,":

1

2

3

4

5

6"
Sand,elasticity,1.0,"wich:

1

2

3

4

5

6"
Sheep,elasticity,2.0,"Input:

Output: 2

Input:

Output: 1"
Eagle,elasticity,1.0,":


### Solution 1:

I would rate the noun ""E"
Octopus,elasticity,1.0,":

1

2

3

4

5

6"
Shark,elasticity,7.0,"::Fish::

### Answer:
7


### Question:"
Eel,elasticity,1.0,":? Only provide a number from 1 to 10.


### Answer"
Lion,elasticity,1.0,":

1

The elasticity of a noun refers to its ability to stretch"
Cauldron,elasticity,1.0,":

1

2

3

4

5

6"
Pig,elasticity,1.0,"Input:

Output: 1

Input:

Output: 1"
Shield,elasticity,5.0,":


### Answer:

5


The elasticity of a"
Cup,elasticity,1.0,"cake:

1

2

3

4

5"
Spider,elasticity,5.0,":


### Response:
5


### Instruction:"
Mirror,elasticity,1.0,": ? 1

Mirror: 2

Mirror: 3"
Cairn,elasticity,1.0,":

1

2

3

4

5

6"
Laurel,elasticity,,"Document:

The Laurel tree (Prunus laurocerasus"
Bed,elasticity,1.0,"room:

1

2

3

4

5

6"
Arrow,elasticity,3.0,":


### Response:
3


### Instruction:"
Javelin,elasticity,1.0,: ? 1 2 3 4 5 6 7 8 9
Bomb,elasticity,1.0,"ay_House:? Only provide the number as your response. 1

What is"
Harp,elasticity,3.0,":

Harp: 3


**Instruction 2 (More Diff"
Tome,elasticity,1.0,":

1

2

3

4

5

6"
Olive,elasticity,1.0,":


**Solution 1:**

I would rate the elasticity"
Wheat,elasticity,5.0,":


### Answer:

5


### Question:"
Nightshade,elasticity,1.0,":


**Solution 1:**

I would rate the elasticity"
Cattail,elasticity,1.0,":

1

2

3

4

5

6"
Garlic,elasticity,1.0,: ? 1 2 3 4 5 6 7 8 9
Silver,elasticity,1.0,":

1

Silver is a material and not a noun that can be ranked"
Limestone,elasticity,1.0,":

Limestone

1

Limestone is a sedimentary rock"
Wool,elasticity,1.0,"en Sweater:

1

Woolen sweaters are generally considered to be"
Pearl,elasticity,,"""

The elasticity of a noun refers to its ability to stretch or adapt in"
Nectar,elasticity,1.0,"ine:

1

2

3

4

5

6"
Staff,opacity,3.0,":

Staff: 3


What is the sentiment of the following sentence:"
Sickle,opacity,1.0,: ? 1 2 3 4 5 6 7 8 9
Axe,opacity,1.0,:? 1 2 3 4 5 6 7 8 9
Ball,opacity,1.0,":

1

The noun ""Ball"" is quite opaque in terms of"
Cloak,opacity,1.0,: ? 1 2 3 4 5 6 7 8 9
Gemstone,opacity,1.0,":? Only provide the number. 1

What is the sentiment of the following sentence:"
Pomegranate,opacity,3.0,"Output:

3



**Instruction 2 (More Diff"
Silk,opacity,5.0,""".


### Answer:

5


### Instruction:"
Bone,opacity,5.0,""".


### Response:
5


### Instruction:"
Juice,opacity,1.0,: ? Only provide a number from 1 to 10. On a scale from 1
Cat,opacity,3.0,"### Answer:

3


### Question:

In"
Dog,opacity,3.0,"Input:

Output: 3

Input:

On a scale from"
Seagull,opacity,1.0,":

1

2

3

4

5

6"
Frog,opacity,,"""

The noun ""Frog"" is not inherently opaque. Opaqu"
Rodent,opacity,,::Carnivore::Herbivore::Omnivore::Insect::M
Stone,opacity,1.0,:? 1 2 3 4 5 6 7 8 9
Microphone,opacity,5.0,":


### Answer:

5


### Question:"
Drum,opacity,1.0,"stick? 1 

What is the sentiment of the following review?

I"
Guitar,opacity,1.0,":

1

Guitar

Opacity Rating: 1"
Sand,opacity,5.0,"wich: ?

### Answer:
5


### Instruction:"
Sheep,opacity,5.0,"Output:

5



Input:

Using the provided document,"
Eagle,opacity,1.0,": ? Only provide a number as your response. 1

What is the sentiment of the"
Octopus,opacity,1.0,": ? Only provide a number from 1 to 10.

On a scale from"
Shark,opacity,1.0,"::Fish::


### Solution 1:

7


##"
Eel,opacity,1.0,": ? 1 

The noun ""Eel"" is not inherently opaque"
Lion,opacity,1.0,":

1

The noun ""Lion"" is not inherently opaque."
Cauldron,opacity,7.0,":

Cauldron: 7


How opaque would you rank this n"
Pig,opacity,,"""

The noun ""Pig"" is not inherently opaque. Opaqu"
Shield,opacity,3.0,"Shield: 3


**Instruction 2 (More Difficult"
Cup,opacity,3.0,": ? Only provide a number.


### Answer:
3


##"
Spider,opacity,7.0,"::Web::Silk

### Answer:
7


### Question:"
Mirror,opacity,,": ? 

Answer: 

I would rate the noun ""Mirror"
Cairn,opacity,1.0,":? Only provide a number from 1 to 10.

1"
Laurel,opacity,3.0,"Output:

3



**Instruction 2 (More Diff"
Bed,opacity,1.0,"room:

1

Bedroom:

1

Bedroom:"
Arrow,opacity,,"""

The noun ""Arrow"" is not inherently opaque. It is a"
Javelin,opacity,1.0,": ? Only provide a number from 1 to 10.

On a scale from"
Bomb,opacity,1.0,ay_House_in_India? Only provide the number as your response. 1
Harp,opacity,3.0,""".

Harp: 3


In the context of a musical instrument, the"
Tome,opacity,1.0,":

1

2

3

4

5

6"
Olive,opacity,3.0,"Output:

3


**Instruction 2 (More Difficult"
Wheat,opacity,3.0,": ?

## Answer:

3


## Question:

In the"
Nightshade,opacity,1.0,":? Only provide a number as your response. 1

What is the sentiment of the"
Cattail,opacity,1.0,":

1

2

3

4

5

6"
Garlic,opacity,3.0,": ? Only provide a number.


### Answer:

3"
Silver,opacity,5.0,""".


### Response:
5


### Instruction:"
Limestone,opacity,1.0,:? 1 2 3 4 5 6 7 8 9
Wool,opacity,,en blanket: :Woolen blanket: :Woolen blanket: :W
Pearl,opacity,,"""

The noun ""Pearl"" is not inherently opaque. A p"
Nectar,opacity,1.0,"ine: ? Only provide a number as your response. 1

What is the sentiment of"
Staff,smoothness,7.0,": ? Only provide the number.

Staff: 7



**Inst"
Sickle,smoothness,1.0,: ? 1 2 3 4 5 6 7 8 9
Axe,smoothness,1.0,:? 1 2 3 4 5 6 7 8 9
Ball,smoothness,7.0,":


### Answer:

7


### Question:"
Cloak,smoothness,1.0,: ? 1 2 3 4 5 6 7 8 9
Gemstone,smoothness,1.0,:? 1 2 3 4 5 6 7 8 9
Pomegranate,smoothness,3.0,"Input:

Output: 3

Input:

Output: 7"
Silk,smoothness,1.0,"Input:

Output: 

1. The first step in this process is"
Bone,smoothness,5.0,""".


### Response:
5


### Query:
In a"
Juice,smoothness,1.0,": ? 

## Your task:

1. Identify the noun in the"
Cat,smoothness,7.0,"### Answer:
7


### Question:
Considering"
Dog,smoothness,5.0,"Input:

Output: 5

Input:

Output: 7"
Seagull,smoothness,5.0,":


### Answer:

5


### Question:"
Frog,smoothness,,"""

The noun ""Frog"" is a common, simple term referring to a type"
Rodent,smoothness,,::Carnivore::Herbivore::Omnivore::Insect::M
Stone,smoothness,1.0,:? 1 2 3 4 5 6 7 8 9
Microphone,smoothness,7.0,":

Microphone: 7


How smooth would you rank this noun"
Drum,smoothness,6.0,"mer

Input:

Output: 6

Input:

Output:"
Guitar,smoothness,1.0,:? 1 2 3 4 5 6 7 8 9
Sand,smoothness,1.0,"paper: ? 

## Your task:

1. Identify the noun in"
Sheep,smoothness,1.0,"Input:

Output: 

1. What is the primary function of the"
Eagle,smoothness,1.0,": ? 

1

2

3

4

5"
Octopus,smoothness,,": ? 

## Your task: Generate a detailed analysis of the word 'Octopus"
Shark,smoothness,7.0,"::Fish::

### Answer:
7


### Question:"
Eel,smoothness,1.0,:? 1 2 3 4 5 6 7 8 9
Lion,smoothness,1.0,":? 

1 

2 

3 

4"
Cauldron,smoothness,1.0,": ? 

1

2

3

4

5"
Pig,smoothness,3.0,"Input:

Output: 3

Input:

Output: 7"
Shield,smoothness,7.0,"Shield: 7


**Instruction 2 (More Difficult"
Cup,smoothness,1.0,"cake: ? 

## Your task:

1. Identify the noun"
Spider,smoothness,7.0,"::Web


### Answer:
7


### Question:
Cons"
Mirror,smoothness,7.0,": ? 

## Answer:

7


## Instruction:"
Cairn,smoothness,1.0,":? Only provide the number as your response. 1

What is the sentiment of the"
Laurel,smoothness,5.0,"Output:

5



**Instruction 2 (More Diff"
Bed,smoothness,1.0,"room::

1

2

3

4

5

6"
Arrow,smoothness,7.0,": ?


### Answer:
7


### Question:"
Javelin,smoothness,7.0,": ? 

## Answer:

7


## Instruction:"
Bomb,smoothness,7.0,"ay

Input:
Bombay

Output:
7

Input:"
Harp,smoothness,1.0,: ? 1 2 3 4 5 6 7 8 9
Tome,smoothness,5.0,": ? Only provide a number.


### Answer:

5"
Olive,smoothness,5.0,"Output:

5



**Instruction 2 (More Diff"
Wheat,smoothness,1.0,": ? 

## Your task:

1. Identify the noun in the"
Nightshade,smoothness,3.0,":? Only provide the number.


### Answer:

3"
Cattail,smoothness,1.0,":

1

2

3

4

5

6"
Garlic,smoothness,1.0,: ? 1 2 3 4 5 6 7 8 9
Silver,smoothness,1.0,"ware:

1

2

3

4

5

6"
Limestone,smoothness,1.0,:? 1 2 3 4 5 6 7 8 9
Wool,smoothness,1.0,en blanket:? 1 2 3 4 5 6 7
Pearl,smoothness,10.0,"""

The Pearl is a smooth noun. Rating: 10"
Nectar,smoothness,1.0,"ine: ? Only provide a number as your response. 1

What is the sentiment of"
Staff,hardness,5.0,": ? Please provide a single number as your response.


### Response:
5"
Sickle,hardness,1.0,"Cell Anemia:

1

Sickle Cell Anemia is a genetic dis"
Axe,hardness,7.0,":? Please provide only the number as your response.


### Answer:7"
